"AttributeId","RegNo","Hrs","Regular","Interaction","TimeManagement","GraspingAbility","EXActivities","PrevSemResults","SSLC","PUC","IHS"
"443","CS001",">4","Regular","Best","Best","Best","Best","89%-100%","85%-100%","85%-100%","Yes"
"444","CS002","4","Regular","Better","Better","Better","Better","74%-89%","60%-85%","60%-85%","Yes"
"445","CS003","3","Irregular","Good","Good","Good","Good","59%-74%","45%-60%","45%-60%","No"
"446","CS004",">4","Regular","Best","Best","Best","Best","89%-100%","85%-100%","85%-100%","Yes"
"447","CS005","2","Irregular","Poor","Poor","Poor","Good","49%-59%","35%-45%","35%-45%","Yes"
"448","CS006",">4","Regular","Best","Best","Better","Best","89%-100%","85%-100%","60%-85%","Yes"
"449","CS007","4","Regular","Good","Better","Good","Good","74%-89%","60%-85%","85%-100%","Yes"
"450","CS008",">4","Regular","Best","Best","Best","Best","89%-100%","85%-100%","85%-100%","Yes"
"451","CS009","4","Regular","Better","Better","Better","Better","74%-89%","60%-85%","60%-85%","Yes"
"452","CS010","3","Irregular","Good","Good","Good","Good","59%-74%","45%-60%","45%-60%","No"
"453","CS011",">4","Regular","Best","Best","Best","Best","89%-100%","85%-100%","85%-100%","Yes"
"454","CS012","2","Irregular","Poor","Poor","Poor","Good","49%-59%","35%-45%","35%-45%","Yes"
"455","CS013",">4","Regular","Best","Best","Better","Best","89%-100%","85%-100%","60%-85%","Yes"
"456","CS014","4","Regular","Good","Better","Good","Good","74%-89%","60%-85%","85%-100%","Yes"
"457","CS015",">4","Regular","Best","Best","Best","Best","89%-100%","85%-100%","85%-100%","Yes"
"458","CS016","4","Regular","Better","Better","Better","Better","74%-89%","60%-85%","60%-85%","Yes"
"459","CS017","3","Irregular","Good","Good","Good","Good","59%-74%","45%-60%","45%-60%","No"
"460","CS018",">4","Regular","Best","Best","Best","Best","89%-100%","85%-100%","85%-100%","Yes"
"461","CS019","2","Irregular","Poor","Poor","Poor","Good","49%-59%","35%-45%","35%-45%","Yes"
"462","CS020",">4","Regular","Best","Best","Better","Best","89%-100%","85%-100%","60%-85%","Yes"
"463","CS021","4","Regular","Good","Better","Good","Good","74%-89%","60%-85%","85%-100%","Yes"
"464","CS022",">4","Regular","Best","Best","Best","Best","89%-100%","85%-100%","85%-100%","Yes"
"465","CS023","4","Regular","Better","Better","Better","Better","74%-89%","60%-85%","60%-85%","Yes"
"466","CS024","3","Irregular","Good","Good","Good","Good","59%-74%","45%-60%","45%-60%","No"
"467","CS025",">4","Regular","Best","Best","Best","Best","89%-100%","85%-100%","85%-100%","Yes"
"468","CS026","2","Irregular","Poor","Poor","Poor","Good","49%-59%","35%-45%","35%-45%","Yes"
"469","CS027",">4","Regular","Best","Best","Better","Best","89%-100%","85%-100%","60%-85%","Yes"
"470","CS028","4","Regular","Good","Better","Good","Good","74%-89%","60%-85%","85%-100%","Yes"
"471","CS029",">4","Regular","Best","Best","Best","Best","89%-100%","85%-100%","85%-100%","Yes"
"472","CS030","4","Regular","Better","Better","Better","Better","74%-89%","60%-85%","60%-85%","Yes"
"473","CS031","3","Irregular","Good","Good","Good","Good","59%-74%","45%-60%","45%-60%","No"
"474","CS032",">4","Regular","Best","Best","Best","Best","89%-100%","85%-100%","85%-100%","Yes"
"475","CS033","2","Irregular","Poor","Poor","Poor","Good","49%-59%","35%-45%","35%-45%","Yes"
"476","CS034",">4","Regular","Best","Best","Better","Best","89%-100%","85%-100%","60%-85%","Yes"
"477","CS035","4","Regular","Good","Better","Good","Good","74%-89%","60%-85%","85%-100%","Yes"
"478","CS036",">4","Regular","Best","Best","Best","Best","89%-100%","85%-100%","85%-100%","Yes"
"479","CS037","4","Regular","Better","Better","Better","Better","74%-89%","60%-85%","60%-85%","Yes"
"480","CS038","3","Irregular","Good","Good","Good","Good","59%-74%","45%-60%","45%-60%","No"
"481","CS039",">4","Regular","Best","Best","Best","Best","89%-100%","85%-100%","85%-100%","Yes"
"482","CS040","2","Irregular","Poor","Poor","Poor","Good","49%-59%","35%-45%","35%-45%","Yes"
"483","CS041",">4","Regular","Best","Best","Better","Best","89%-100%","85%-100%","60%-85%","Yes"
"484","CS042","4","Regular","Good","Better","Good","Good","74%-89%","60%-85%","85%-100%","Yes"
"485","CS043",">4","Regular","Best","Best","Best","Best","89%-100%","85%-100%","85%-100%","Yes"
"486","CS044","4","Regular","Better","Better","Better","Better","74%-89%","60%-85%","60%-85%","Yes"
"487","CS045","3","Irregular","Good","Good","Good","Good","59%-74%","45%-60%","45%-60%","No"
"488","CS046",">4","Regular","Best","Best","Best","Best","89%-100%","85%-100%","85%-100%","Yes"
"489","CS047","2","Irregular","Poor","Poor","Poor","Good","49%-59%","35%-45%","35%-45%","Yes"
"490","CS048",">4","Regular","Best","Best","Better","Best","89%-100%","85%-100%","60%-85%","Yes"
"491","CS049","4","Regular","Good","Better","Good","Good","74%-89%","60%-85%","85%-100%","Yes"
"492","CS050",">4","Regular","Best","Best","Best","Best","89%-100%","85%-100%","85%-100%","Yes"
"493","CS051","4","Regular","Better","Better","Better","Better","74%-89%","60%-85%","60%-85%","Yes"
"494","CS052","3","Irregular","Good","Good","Good","Good","59%-74%","45%-60%","45%-60%","No"
"495","CS053",">4","Regular","Best","Best","Best","Best","89%-100%","85%-100%","85%-100%","Yes"
"496","CS054","2","Irregular","Poor","Poor","Poor","Good","49%-59%","35%-45%","35%-45%","Yes"
"497","CS055",">4","Regular","Best","Best","Better","Best","89%-100%","85%-100%","60%-85%","Yes"
"498","CS056","4","Regular","Good","Better","Good","Good","74%-89%","60%-85%","85%-100%","Yes"
"499","CS057",">4","Regular","Best","Best","Best","Best","89%-100%","85%-100%","85%-100%","Yes"
"500","CS058","2","Irregular","Poor","Poor","Poor","Good","49%-59%","35%-45%","35%-45%","Yes"
"501","CS059",">4","Regular","Best","Best","Better","Best","89%-100%","85%-100%","60%-85%","Yes"
"502","CS060","4","Regular","Good","Better","Good","Good","74%-89%","60%-85%","85%-100%","Yes"
"503","CS061","3","Irregular","Good","Good","Good","Good","59%-74%","45%-60%","45%-60%","No"
"504","CS062",">4","Regular","Best","Best","Best","Best","89%-100%","85%-100%","85%-100%","Yes"
"505","CS063","2","Irregular","Poor","Poor","Poor","Good","49%-59%","35%-45%","35%-45%","Yes"
"506","CS064",">4","Regular","Best","Best","Better","Best","89%-100%","85%-100%","60%-85%","Yes"
"507","CS065","4","Regular","Good","Better","Good","Good","74%-89%","60%-85%","85%-100%","Yes"
"508","CS066",">4","Regular","Best","Best","Best","Best","89%-100%","85%-100%","85%-100%","Yes"
"509","CS067","4","Regular","Better","Better","Better","Better","74%-89%","60%-85%","60%-85%","Yes"
"510","CS068","3","Irregular","Good","Good","Good","Good","59%-74%","45%-60%","45%-60%","No"
"511","CS069",">4","Regular","Best","Best","Best","Best","89%-100%","85%-100%","85%-100%","Yes"
"512","CS070","2","Irregular","Poor","Poor","Poor","Good","49%-59%","35%-45%","35%-45%","Yes"
"513","CS071",">4","Regular","Best","Best","Better","Best","89%-100%","85%-100%","60%-85%","Yes"
"514","CS072","4","Regular","Good","Better","Good","Good","74%-89%","60%-85%","85%-100%","Yes"
"515","CS073",">4","Regular","Best","Best","Best","Best","89%-100%","85%-100%","85%-100%","Yes"
"516","CS074","4","Regular","Better","Better","Better","Better","74%-89%","60%-85%","60%-85%","Yes"
"517","CS075","3","Irregular","Good","Good","Good","Good","59%-74%","45%-60%","45%-60%","No"
"518","CS076",">4","Regular","Best","Best","Best","Best","89%-100%","85%-100%","85%-100%","Yes"
"519","CS077","2","Irregular","Poor","Poor","Poor","Good","49%-59%","35%-45%","35%-45%","Yes"
"520","CS078",">4","Regular","Best","Best","Better","Best","89%-100%","85%-100%","60%-85%","Yes"
"521","CS079","4","Regular","Good","Better","Good","Good","74%-89%","60%-85%","85%-100%","Yes"
"522","CS080",">4","Regular","Best","Best","Best","Best","89%-100%","85%-100%","85%-100%","Yes"
"523","CS081","4","Regular","Better","Better","Better","Better","74%-89%","60%-85%","60%-85%","Yes"
"524","CS082","3","Irregular","Good","Good","Good","Good","59%-74%","45%-60%","45%-60%","No"
"525","CS083",">4","Regular","Best","Best","Best","Best","89%-100%","85%-100%","85%-100%","Yes"
"526","CS084","2","Irregular","Poor","Poor","Poor","Good","49%-59%","35%-45%","35%-45%","Yes"
"527","CS085",">4","Regular","Best","Best","Better","Best","59%-74%","45%-60%","60%-85%","Yes"
"528","CS086","4","Regular","Good","Better","Good","Good","74%-89%","60%-85%","85%-100%","Yes"
"529","CS087",">4","Regular","Best","Best","Best","Best","89%-100%","85%-100%","85%-100%","Yes"
"530","CS088","2","Irregular","Poor","Poor","Poor","Good","49%-59%","35%-45%","35%-45%","Yes"
"531","CS089",">4","Regular","Best","Best","Better","Best","89%-100%","85%-100%","60%-85%","Yes"
"532","CS090","4","Regular","Good","Better","Good","Good","74%-89%","60%-85%","85%-100%","Yes"
"533","DIP001",">4","Regular","Best","Better","Best","Best","59%-74%","85%-100%","85%-100%","Yes"
"534","DIP002","4","Regular","Better","Better","Better","Better","74%-89%","60%-85%","60%-85%","Yes"
"535","DIP003","3","Irregular","Good","Good","Good","Good","59%-74%","45%-60%","45%-60%","No"
"536","DIP004",">4","Regular","Best","Best","Best","Best","89%-100%","85%-100%","85%-100%","Yes"
"537","DIP005","2","Irregular","Poor","Poor","Poor","Good","49%-59%","35%-45%","35%-45%","Yes"
"538","DIP006",">4","Regular","Best","Best","Better","Best","89%-100%","85%-100%","60%-85%","Yes"
"539","DIP007","4","Regular","Good","Better","Good","Good","74%-89%","60%-85%","85%-100%","Yes"
"540","DIP008",">4","Regular","Best","Best","Best","Best","89%-100%","85%-100%","85%-100%","Yes"
"541","DIP009","4","Regular","Better","Better","Better","Better","74%-89%","60%-85%","60%-85%","Yes"
"542","DIP010","3","Irregular","Good","Good","Good","Good","59%-74%","45%-60%","45%-60%","No"
"543","DIP011",">4","Regular","Best","Best","Best","Best","89%-100%","85%-100%","85%-100%","Yes"
"544","DIP012","2","Irregular","Poor","Poor","Poor","Good","49%-59%","35%-45%","35%-45%","Yes"
"545","DIP013",">4","Regular","Best","Best","Better","Best","89%-100%","85%-100%","60%-85%","Yes"
"546","DIP014","4","Regular","Good","Better","Good","Good","74%-89%","60%-85%","85%-100%","Yes"
"547","DIP015",">4","Regular","Best","Best","Best","Best","89%-100%","85%-100%","85%-100%","Yes"
"548","DIP016","4","Regular","Better","Better","Better","Better","74%-89%","60%-85%","60%-85%","Yes"
"549","DIP017","3","Irregular","Good","Good","Good","Good","59%-74%","45%-60%","45%-60%","No"
"550","DIP018",">4","Regular","Best","Best","Best","Best","89%-100%","85%-100%","85%-100%","Yes"
"551","DIP019","2","Irregular","Poor","Poor","Poor","Good","49%-59%","35%-45%","35%-45%","Yes"
"552","DIP020",">4","Regular","Best","Best","Better","Best","89%-100%","85%-100%","60%-85%","Yes"
"553","DIP021","4","Regular","Good","Better","Good","Good","74%-89%","60%-85%","85%-100%","Yes"
"554","DIP022",">4","Regular","Best","Best","Best","Best","89%-100%","85%-100%","85%-100%","Yes"
"555","DIP023","4","Regular","Better","Better","Better","Better","74%-89%","60%-85%","60%-85%","Yes"
"556","DIP024","3","Irregular","Good","Good","Good","Good","59%-74%","45%-60%","45%-60%","No"
"557","DIP025",">4","Regular","Best","Best","Best","Best","89%-100%","85%-100%","85%-100%","Yes"
"558","DIP026","2","Irregular","Poor","Poor","Poor","Good","49%-59%","35%-45%","35%-45%","Yes"
"559","DIP027",">4","Regular","Best","Best","Better","Best","89%-100%","85%-100%","60%-85%","Yes"
"560","DIP028","4","Regular","Good","Better","Good","Good","74%-89%","60%-85%","85%-100%","Yes"
"561","DIP029",">4","Regular","Best","Best","Best","Best","89%-100%","85%-100%","85%-100%","Yes"
"562","DIP030","4","Regular","Better","Better","Better","Better","74%-89%","60%-85%","60%-85%","Yes"
"563","DIP031","3","Irregular","Good","Good","Good","Good","59%-74%","45%-60%","45%-60%","No"
"564","DIP032",">4","Regular","Best","Best","Best","Best","89%-100%","85%-100%","85%-100%","Yes"
"565","DIP033","2","Irregular","Poor","Poor","Poor","Good","49%-59%","35%-45%","35%-45%","Yes"
"566","DIP034",">4","Regular","Best","Best","Better","Best","89%-100%","85%-100%","60%-85%","Yes"
"567","DIP035","4","Regular","Good","Better","Good","Good","74%-89%","60%-85%","85%-100%","Yes"
"568","DIP036",">4","Regular","Best","Best","Best","Best","89%-100%","85%-100%","85%-100%","Yes"
"569","DIP037","4","Regular","Better","Better","Better","Better","74%-89%","60%-85%","60%-85%","Yes"
"570","DIP038","3","Irregular","Good","Good","Good","Good","59%-74%","45%-60%","45%-60%","No"
"571","DIP039",">4","Regular","Best","Best","Best","Best","89%-100%","85%-100%","85%-100%","Yes"
"572","DIP040","2","Irregular","Poor","Poor","Poor","Good","49%-59%","35%-45%","35%-45%","Yes"
"573","DIP041",">4","Regular","Best","Best","Better","Best","89%-100%","85%-100%","60%-85%","Yes"
"574","DIP042","4","Regular","Good","Better","Good","Good","74%-89%","60%-85%","85%-100%","Yes"
"575","DIP043",">4","Regular","Best","Best","Best","Best","89%-100%","85%-100%","85%-100%","Yes"
"576","DIP044","4","Regular","Better","Better","Better","Better","74%-89%","60%-85%","60%-85%","Yes"
"577","DIP045","3","Irregular","Good","Good","Good","Good","59%-74%","45%-60%","45%-60%","No"
"578","DIP046",">4","Regular","Best","Best","Best","Best","89%-100%","85%-100%","85%-100%","Yes"
"579","DIP047","2","Irregular","Poor","Poor","Poor","Good","49%-59%","35%-45%","35%-45%","Yes"
"580","DIP048",">4","Regular","Best","Best","Better","Best","89%-100%","85%-100%","60%-85%","Yes"
"581","DIP049","4","Regular","Good","Better","Good","Good","74%-89%","60%-85%","85%-100%","Yes"
"582","DIP050",">4","Regular","Best","Best","Best","Best","89%-100%","85%-100%","85%-100%","Yes"
"583","DIP051","4","Regular","Better","Better","Better","Better","74%-89%","60%-85%","60%-85%","Yes"
"584","DIP052","3","Irregular","Good","Good","Good","Good","59%-74%","45%-60%","45%-60%","No"
"585","DIP053",">4","Regular","Best","Best","Best","Best","89%-100%","85%-100%","85%-100%","Yes"
"586","DIP054","2","Irregular","Poor","Poor","Poor","Good","49%-59%","35%-45%","35%-45%","Yes"
"587","DIP055",">4","Regular","Best","Best","Better","Best","89%-100%","85%-100%","60%-85%","Yes"
"588","DIP056","4","Regular","Good","Better","Good","Good","74%-89%","60%-85%","85%-100%","Yes"
"589","DIP057",">4","Regular","Best","Best","Best","Best","89%-100%","85%-100%","85%-100%","Yes"
"590","DIP058","2","Irregular","Poor","Poor","Poor","Good","49%-59%","35%-45%","35%-45%","Yes"
"591","DIP059",">4","Regular","Best","Best","Better","Best","89%-100%","85%-100%","60%-85%","Yes"
"592","DIP060","4","Regular","Good","Better","Good","Good","74%-89%","60%-85%","85%-100%","Yes"
"593","DIP061","3","Irregular","Good","Good","Good","Good","59%-74%","45%-60%","45%-60%","No"
"594","DIP062",">4","Regular","Best","Best","Best","Best","89%-100%","85%-100%","85%-100%","Yes"
"595","DIP063","2","Irregular","Poor","Poor","Poor","Good","49%-59%","35%-45%","35%-45%","Yes"
"596","DIP064",">4","Regular","Best","Best","Better","Best","89%-100%","85%-100%","60%-85%","Yes"
"597","DIP065","4","Regular","Good","Better","Good","Good","74%-89%","60%-85%","85%-100%","Yes"
"598","DIP066",">4","Regular","Best","Best","Best","Best","89%-100%","85%-100%","85%-100%","Yes"
"599","DIP067","4","Regular","Better","Better","Better","Better","74%-89%","60%-85%","60%-85%","Yes"
"600","DIP068","3","Irregular","Good","Good","Good","Good","59%-74%","45%-60%","45%-60%","No"
"601","DIP069",">4","Regular","Best","Best","Best","Best","89%-100%","85%-100%","85%-100%","Yes"
"602","DIP070","2","Irregular","Poor","Poor","Poor","Good","49%-59%","35%-45%","35%-45%","Yes"
"603","DIP071",">4","Regular","Best","Best","Better","Best","89%-100%","85%-100%","60%-85%","Yes"
"604","DIP072","4","Regular","Good","Better","Good","Good","74%-89%","60%-85%","85%-100%","Yes"
"605","DIP073",">4","Regular","Best","Best","Best","Best","89%-100%","85%-100%","85%-100%","Yes"
"606","DIP074","4","Regular","Better","Better","Better","Better","74%-89%","60%-85%","60%-85%","Yes"
"607","DIP075","3","Irregular","Good","Good","Good","Good","59%-74%","45%-60%","45%-60%","No"
"608","DIP076",">4","Regular","Best","Best","Best","Best","89%-100%","85%-100%","85%-100%","Yes"
"609","DIP077","2","Irregular","Poor","Poor","Poor","Good","49%-59%","35%-45%","35%-45%","Yes"
"610","DIP078",">4","Regular","Best","Best","Better","Best","89%-100%","85%-100%","60%-85%","Yes"
"611","DIP079","4","Regular","Good","Better","Good","Good","74%-89%","60%-85%","85%-100%","Yes"
"612","DIP080",">4","Regular","Best","Best","Best","Best","89%-100%","85%-100%","85%-100%","Yes"
"613","DIP081","4","Regular","Better","Better","Better","Better","74%-89%","60%-85%","60%-85%","Yes"
"614","DIP082","3","Irregular","Good","Good","Good","Good","59%-74%","45%-60%","45%-60%","No"
"615","DIP083",">4","Regular","Best","Best","Best","Best","89%-100%","85%-100%","85%-100%","Yes"
"616","DIP084","2","Irregular","Poor","Poor","Poor","Good","49%-59%","35%-45%","35%-45%","Yes"
"617","DIP085",">4","Regular","Best","Best","Better","Best","89%-100%","85%-100%","60%-85%","Yes"
"618","DIP086","4","Regular","Good","Better","Good","Good","74%-89%","60%-85%","85%-100%","Yes"
"619","DIP087",">4","Regular","Best","Best","Best","Best","89%-100%","85%-100%","85%-100%","Yes"
"620","DIP088","2","Irregular","Poor","Poor","Poor","Good","49%-59%","35%-45%","35%-45%","Yes"
"621","DIP089",">4","Regular","Best","Best","Better","Best","89%-100%","85%-100%","60%-85%","Yes"
"622","DIP090","4","Regular","Good","Better","Good","Good","74%-89%","60%-85%","85%-100%","Yes"
"623","CS091","4","Regular","Good","Better","Good","Good","74%-89%","60%-85%","85%-100%","Yes"
"624","CS092","4","Regular","Good","Better","Good","Good","74%-89%","60%-85%","85%-100%","Yes"
"625","CS093",">4","Regular","Best","Best","Best","Best","89%-100%","85%-100%","85%-100%","Yes"
"626","CS094","4","Regular","Better","Better","Better","Better","74%-89%","60%-85%","60%-85%","Yes"
"627","CS095","3","Irregular","Good","Good","Good","Good","59%-74%","45%-60%","45%-60%","No"
"628","CS096","4","Regular","Better","Better","Better","Better","74%-89%","60%-85%","60%-85%","Yes"
"629","CS097","3","Irregular","Good","Good","Good","Good","59%-74%","45%-60%","45%-60%","No"
"630","CS098",">4","Regular","Best","Best","Best","Best","89%-100%","85%-100%","85%-100%","Yes"
"631","CS099",">4","Regular","Best","Best","Best","Best","89%-100%","85%-100%","85%-100%","Yes"
"632","CS100",">4","Regular","Best","Best","Better","Best","89%-100%","85%-100%","60%-85%","Yes"
"633","CS101",">4","Regular","Best","Best","Poor","Best","89%-100%","85%-100%","85%-100%","No"
"634","CS102",">4","Regular","Best","Better","Best","Best","74%-89%","85%-100%","85%-100%","No"
"635","CS103",">4","Regular","Best","Best","Best","Best","89%-100%","85%-100%","85%-100%","No"
"636","CS104",">4","Regular","Best","Best","Best","Best","89%-100%","85%-100%","85%-100%","No"
"637","CS105",">4","Regular","Best","Best","Better","Best","89%-100%","85%-100%","60%-85%","Yes"
"638","CS106","3","Irregular","Good","Good","Good","Good","59%-74%","45%-60%","45%-60%","No"
"639","DIP091",">4","Regular","Best","Best","Best","Best","89%-100%","85%-100%","85%-100%","Yes"
"640","DIP092","4","Regular","Better","Better","Better","Better","74%-89%","60%-85%","60%-85%","Yes"
"641","DIP093","3","Irregular","Good","Good","Good","Good","59%-74%","45%-60%","45%-60%","No"
"642","DIP094",">4","Regular","Best","Best","Best","Best","89%-100%","85%-100%","85%-100%","Yes"
"643","DIP095","2","Irregular","Poor","Poor","Poor","Good","49%-59%","35%-45%","35%-45%","Yes"
"644","DIP096",">4","Regular","Best","Best","Better","Best","89%-100%","85%-100%","60%-85%","Yes"
"645","DIP097","4","Regular","Good","Better","Good","Good","74%-89%","60%-85%","85%-100%","Yes"
"646","DIP098",">4","Regular","Best","Best","Best","Best","89%-100%","85%-100%","85%-100%","Yes"
"647","DIP099","4","Regular","Better","Better","Better","Better","74%-89%","60%-85%","60%-85%","Yes"
"648","DIP100","3","Irregular","Good","Good","Good","Good","59%-74%","45%-60%","45%-60%","No"
"649","BCA001",">4","Regular","Best","Best","Best","Best","89%-100%","85%-100%","85%-100%","Yes"
"650","BCA002","4","Regular","Better","Better","Better","Better","74%-89%","60%-85%","60%-85%","Yes"
"651","BCA003","3","Irregular","Good","Good","Good","Good","59%-74%","45%-60%","45%-60%","No"
"652","BCA004",">4","Regular","Best","Best","Best","Best","89%-100%","85%-100%","85%-100%","Yes"
"653","BCA005","2","Irregular","Poor","Poor","Poor","Good","49%-59%","35%-45%","35%-45%","Yes"
"654","BCA006",">4","Regular","Best","Best","Better","Best","89%-100%","85%-100%","60%-85%","Yes"
"655","BCA007","4","Regular","Good","Better","Good","Good","74%-89%","60%-85%","85%-100%","Yes"
"656","BCA008",">4","Regular","Best","Best","Best","Best","89%-100%","85%-100%","85%-100%","Yes"
"657","BCA009","4","Regular","Better","Better","Better","Better","74%-89%","60%-85%","60%-85%","Yes"
"658","BCA010","3","Irregular","Good","Good","Good","Good","59%-74%","45%-60%","45%-60%","No"
"659","BCA011",">4","Regular","Best","Best","Best","Best","89%-100%","85%-100%","85%-100%","Yes"
"660","BCA012","2","Irregular","Poor","Poor","Poor","Good","49%-59%","35%-45%","35%-45%","Yes"
"661","BCA013",">4","Regular","Best","Best","Better","Best","89%-100%","85%-100%","60%-85%","Yes"
"662","BCA014","4","Regular","Good","Better","Good","Good","74%-89%","60%-85%","85%-100%","Yes"
"663","BCA015",">4","Regular","Best","Best","Best","Best","89%-100%","85%-100%","85%-100%","Yes"
"664","BCA016","4","Regular","Better","Better","Better","Better","74%-89%","60%-85%","60%-85%","Yes"
"665","BCA017","3","Irregular","Good","Good","Good","Good","59%-74%","45%-60%","45%-60%","No"
"666","BCA018",">4","Regular","Best","Best","Best","Best","89%-100%","85%-100%","85%-100%","Yes"
"667","BCA019","2","Irregular","Poor","Poor","Poor","Good","49%-59%","35%-45%","35%-45%","Yes"
"668","BCA020",">4","Regular","Best","Best","Better","Best","89%-100%","85%-100%","60%-85%","Yes"
"669","BCA021","4","Regular","Good","Better","Good","Good","74%-89%","60%-85%","85%-100%","Yes"
"670","BCA022",">4","Regular","Best","Best","Best","Best","89%-100%","85%-100%","85%-100%","Yes"
"671","BCA023","4","Regular","Better","Better","Better","Better","74%-89%","60%-85%","60%-85%","Yes"
"672","BCA024","3","Irregular","Good","Good","Good","Good","59%-74%","45%-60%","45%-60%","No"
"673","BCA025",">4","Regular","Best","Best","Best","Best","89%-100%","85%-100%","85%-100%","Yes"
"674","BCA026","2","Irregular","Poor","Poor","Poor","Good","49%-59%","35%-45%","35%-45%","Yes"
"675","BCA027",">4","Regular","Best","Best","Better","Best","89%-100%","85%-100%","60%-85%","Yes"
"676","BCA028","4","Regular","Good","Better","Good","Good","74%-89%","60%-85%","85%-100%","Yes"
"677","BCA029",">4","Regular","Best","Best","Best","Best","89%-100%","85%-100%","85%-100%","Yes"
"678","BCA030","4","Regular","Better","Better","Better","Better","74%-89%","60%-85%","60%-85%","Yes"
"679","BCA031","3","Irregular","Good","Good","Good","Good","59%-74%","45%-60%","45%-60%","No"
"680","BCA032",">4","Regular","Best","Best","Best","Best","89%-100%","85%-100%","85%-100%","Yes"
"681","BCA033","2","Irregular","Poor","Poor","Poor","Good","49%-59%","35%-45%","35%-45%","Yes"
"682","BCA034",">4","Regular","Best","Best","Better","Best","89%-100%","85%-100%","60%-85%","Yes"
"683","BCA035","4","Regular","Good","Better","Good","Good","74%-89%","60%-85%","85%-100%","Yes"
"684","BCA036",">4","Regular","Best","Best","Best","Best","89%-100%","85%-100%","85%-100%","Yes"
"685","BCA037","4","Regular","Better","Better","Better","Better","74%-89%","60%-85%","60%-85%","Yes"
"686","BCA038","3","Irregular","Good","Good","Good","Good","59%-74%","45%-60%","45%-60%","No"
"687","BCA039",">4","Regular","Best","Best","Best","Best","89%-100%","85%-100%","85%-100%","Yes"
"688","BCA040","2","Irregular","Poor","Poor","Poor","Good","49%-59%","35%-45%","35%-45%","Yes"
"689","BCA041",">4","Regular","Best","Best","Better","Best","89%-100%","85%-100%","60%-85%","Yes"
"690","BCA042","4","Regular","Good","Better","Good","Good","74%-89%","60%-85%","85%-100%","Yes"
"691","BCA043",">4","Regular","Best","Best","Best","Best","89%-100%","85%-100%","85%-100%","Yes"
"692","BCA044","4","Regular","Better","Better","Better","Better","74%-89%","60%-85%","60%-85%","Yes"
"693","BCA045","3","Irregular","Good","Good","Good","Good","59%-74%","45%-60%","45%-60%","No"
"694","BCA046",">4","Regular","Best","Best","Best","Best","89%-100%","85%-100%","85%-100%","Yes"
"695","BCA047","2","Irregular","Poor","Poor","Poor","Good","49%-59%","35%-45%","35%-45%","Yes"
"696","BCA048",">4","Regular","Best","Best","Better","Best","89%-100%","85%-100%","60%-85%","Yes"
"697","BCA049","4","Regular","Good","Better","Good","Good","74%-89%","60%-85%","85%-100%","Yes"
"698","BCA050",">4","Regular","Best","Best","Best","Best","89%-100%","85%-100%","85%-100%","Yes"
"699","BCA051","4","Regular","Better","Better","Better","Better","74%-89%","60%-85%","60%-85%","Yes"
"700","BCA052","3","Irregular","Good","Good","Good","Good","59%-74%","45%-60%","45%-60%","No"
"701","BCA053",">4","Regular","Best","Best","Best","Best","89%-100%","85%-100%","85%-100%","Yes"
"702","BCA054","2","Irregular","Poor","Poor","Poor","Good","49%-59%","35%-45%","35%-45%","Yes"
"703","BCA055",">4","Regular","Best","Best","Better","Best","89%-100%","85%-100%","60%-85%","Yes"
"704","BCA056","4","Regular","Good","Better","Good","Good","74%-89%","60%-85%","85%-100%","Yes"
"705","BCA057",">4","Regular","Best","Best","Best","Best","89%-100%","85%-100%","85%-100%","Yes"
"706","BCA058","2","Irregular","Poor","Poor","Poor","Good","49%-59%","35%-45%","35%-45%","Yes"
"707","BCA059",">4","Regular","Best","Best","Better","Best","89%-100%","85%-100%","60%-85%","Yes"
"708","BCA060","4","Regular","Good","Better","Good","Good","74%-89%","60%-85%","85%-100%","Yes"
"709","BCA061","3","Irregular","Good","Good","Good","Good","59%-74%","45%-60%","45%-60%","No"
"710","BCA062",">4","Regular","Best","Best","Best","Best","89%-100%","85%-100%","85%-100%","Yes"
"711","BCA063","2","Irregular","Poor","Poor","Poor","Good","49%-59%","35%-45%","35%-45%","Yes"
"712","BCA064",">4","Regular","Best","Best","Better","Best","89%-100%","85%-100%","60%-85%","Yes"
"713","BCA065","4","Regular","Good","Better","Good","Good","74%-89%","60%-85%","85%-100%","Yes"
"714","BCA066",">4","Regular","Best","Best","Best","Best","89%-100%","85%-100%","85%-100%","Yes"
"715","BCA067","4","Regular","Better","Better","Better","Better","74%-89%","60%-85%","60%-85%","Yes"
"716","BCA068","3","Irregular","Good","Good","Good","Good","59%-74%","45%-60%","45%-60%","No"
"717","BCA069",">4","Regular","Best","Best","Best","Best","89%-100%","85%-100%","85%-100%","Yes"
"718","BCA070","2","Irregular","Poor","Poor","Poor","Good","49%-59%","35%-45%","35%-45%","Yes"
"719","BCA071",">4","Regular","Best","Best","Better","Best","89%-100%","85%-100%","60%-85%","Yes"
"720","BCA072","4","Regular","Good","Better","Good","Good","74%-89%","60%-85%","85%-100%","Yes"
"721","BCA073",">4","Regular","Best","Best","Best","Best","89%-100%","85%-100%","85%-100%","Yes"
"722","BCA074","4","Regular","Better","Better","Better","Better","74%-89%","60%-85%","60%-85%","Yes"
"723","BCA075","3","Irregular","Good","Good","Good","Good","59%-74%","45%-60%","45%-60%","No"
"724","BCA076",">4","Regular","Best","Best","Best","Best","89%-100%","85%-100%","85%-100%","Yes"
"725","BCA077","2","Irregular","Poor","Poor","Poor","Good","49%-59%","35%-45%","35%-45%","Yes"
"726","BCA078",">4","Regular","Best","Best","Better","Best","89%-100%","85%-100%","60%-85%","Yes"
"727","BCA079","4","Regular","Good","Better","Good","Good","74%-89%","60%-85%","85%-100%","Yes"
"728","BCA080",">4","Regular","Best","Best","Best","Best","89%-100%","85%-100%","85%-100%","Yes"
"729","BCA081","4","Regular","Better","Better","Better","Better","74%-89%","60%-85%","60%-85%","Yes"
"730","BCA082","3","Irregular","Good","Good","Good","Good","59%-74%","45%-60%","45%-60%","No"
"731","BCA083",">4","Regular","Best","Best","Best","Best","89%-100%","85%-100%","85%-100%","Yes"
"732","BCA084","2","Irregular","Poor","Poor","Poor","Good","49%-59%","35%-45%","35%-45%","Yes"
"733","BCA085",">4","Regular","Best","Best","Better","Best","89%-100%","85%-100%","60%-85%","Yes"
"734","BCA086","4","Regular","Good","Better","Good","Good","74%-89%","60%-85%","85%-100%","Yes"
"735","BCA087",">4","Regular","Best","Best","Best","Best","89%-100%","85%-100%","85%-100%","Yes"
"736","BCA088","2","Irregular","Poor","Poor","Poor","Good","49%-59%","35%-45%","35%-45%","Yes"
"737","BCA089",">4","Regular","Best","Best","Better","Best","89%-100%","85%-100%","60%-85%","Yes"
"738","BCA090","4","Regular","Good","Better","Good","Good","74%-89%","60%-85%","85%-100%","Yes"
"739","BCA091",">4","Regular","Best","Best","Best","Best","89%-100%","85%-100%","85%-100%","Yes"
"740","BCA092","4","Regular","Better","Better","Better","Better","74%-89%","60%-85%","60%-85%","Yes"
"741","BCA093","3","Irregular","Good","Good","Good","Good","59%-74%","45%-60%","45%-60%","No"
"742","BCA094",">4","Regular","Best","Best","Best","Best","89%-100%","85%-100%","85%-100%","Yes"
"743","BCA095","2","Irregular","Poor","Poor","Poor","Good","49%-59%","35%-45%","35%-45%","Yes"
"744","BCA096",">4","Regular","Best","Best","Better","Best","89%-100%","85%-100%","60%-85%","Yes"
"745","BCA097","4","Regular","Good","Better","Good","Good","74%-89%","60%-85%","85%-100%","Yes"
"746","BCA098",">4","Regular","Best","Best","Best","Best","89%-100%","85%-100%","85%-100%","Yes"
"747","BCA099","4","Regular","Better","Better","Better","Better","74%-89%","60%-85%","60%-85%","Yes"
"748","BCA100","3","Irregular","Good","Good","Good","Good","59%-74%","45%-60%","45%-60%","No"
"749","CS107",">4","Regular","Best","Best","Best","Better","89%-100%","85%-100%","85%-100%","No"
"750","CS108",">4","Regular","Best","Better","Better","Best","89%-100%","85%-100%","85%-100%","No"
"751","BCA101",">4","Regular","Best","Best","Best","Better","74%-89%","85%-100%","60%-85%","Yes"
"752","BCA102",">4","Regular","Better","Good","Good","Better","74%-89%","45%-60%","60%-85%","Yes"
"753","IS001",">4","Regular","Best","Best","Best","Best","89%-100%","85%-100%","85%-100%","Yes"
"754","IS002","4","Regular","Better","Better","Better","Better","74%-89%","60%-85%","60%-85%","Yes"
"755","IS003","3","Irregular","Good","Good","Good","Good","59%-74%","45%-60%","45%-60%","No"
"756","IS004",">4","Regular","Best","Best","Best","Best","89%-100%","85%-100%","85%-100%","Yes"
"757","IS005","2","Irregular","Poor","Poor","Poor","Good","49%-59%","35%-45%","35%-45%","Yes"
"758","IS006",">4","Regular","Best","Best","Better","Best","89%-100%","85%-100%","60%-85%","Yes"
"759","IS007","4","Regular","Good","Better","Good","Good","74%-89%","60%-85%","85%-100%","Yes"
"760","IS008",">4","Regular","Best","Best","Best","Best","89%-100%","85%-100%","85%-100%","Yes"
"761","IS009","4","Regular","Better","Better","Better","Better","74%-89%","60%-85%","60%-85%","Yes"
"762","IS010","3","Irregular","Good","Good","Good","Good","59%-74%","45%-60%","45%-60%","No"
"763","IS011",">4","Regular","Best","Best","Best","Best","89%-100%","85%-100%","85%-100%","Yes"
"764","IS012","2","Irregular","Poor","Poor","Poor","Good","49%-59%","35%-45%","35%-45%","Yes"
"765","IS013",">4","Regular","Best","Best","Better","Best","89%-100%","85%-100%","60%-85%","Yes"
"766","IS014","4","Regular","Good","Better","Good","Good","74%-89%","60%-85%","85%-100%","Yes"
"767","IS015",">4","Regular","Best","Best","Best","Best","89%-100%","85%-100%","85%-100%","Yes"
"768","IS016","4","Regular","Better","Better","Better","Better","74%-89%","60%-85%","60%-85%","Yes"
"769","IS017","3","Irregular","Good","Good","Good","Good","59%-74%","45%-60%","45%-60%","No"
"770","IS018",">4","Regular","Best","Best","Best","Best","89%-100%","85%-100%","85%-100%","Yes"
"771","IS019","2","Irregular","Poor","Poor","Poor","Good","49%-59%","35%-45%","35%-45%","Yes"
"772","IS020",">4","Regular","Best","Best","Better","Best","89%-100%","85%-100%","60%-85%","Yes"
"773","IS021","4","Regular","Good","Better","Good","Good","74%-89%","60%-85%","85%-100%","Yes"
"774","IS022",">4","Regular","Best","Best","Best","Best","89%-100%","85%-100%","85%-100%","Yes"
"775","IS023","4","Regular","Better","Better","Better","Better","74%-89%","60%-85%","60%-85%","Yes"
"776","IS024","3","Irregular","Good","Good","Good","Good","59%-74%","45%-60%","45%-60%","No"
"777","IS025",">4","Regular","Best","Best","Best","Best","89%-100%","85%-100%","85%-100%","Yes"
"778","IS026","2","Irregular","Poor","Poor","Poor","Good","49%-59%","35%-45%","35%-45%","Yes"
"779","IS027",">4","Regular","Best","Best","Better","Best","89%-100%","85%-100%","60%-85%","Yes"
"780","IS028","4","Regular","Good","Better","Good","Good","74%-89%","60%-85%","85%-100%","Yes"
"781","IS029",">4","Regular","Best","Best","Best","Best","89%-100%","85%-100%","85%-100%","Yes"
"782","IS030","4","Regular","Better","Better","Better","Better","74%-89%","60%-85%","60%-85%","Yes"
"783","IS031","3","Irregular","Good","Good","Good","Good","59%-74%","45%-60%","45%-60%","No"
"784","IS032",">4","Regular","Best","Best","Best","Best","89%-100%","85%-100%","85%-100%","Yes"
"785","IS033","2","Irregular","Poor","Poor","Poor","Good","49%-59%","35%-45%","35%-45%","Yes"
"786","IS034",">4","Regular","Best","Best","Better","Best","89%-100%","85%-100%","60%-85%","Yes"
"787","IS035","4","Regular","Good","Better","Good","Good","74%-89%","60%-85%","85%-100%","Yes"
"788","IS036",">4","Regular","Best","Best","Best","Best","89%-100%","85%-100%","85%-100%","Yes"
"789","IS037","4","Regular","Better","Better","Better","Better","74%-89%","60%-85%","60%-85%","Yes"
"790","IS038","3","Irregular","Good","Good","Good","Good","59%-74%","45%-60%","45%-60%","No"
"791","IS039",">4","Regular","Best","Best","Best","Best","89%-100%","85%-100%","85%-100%","Yes"
"792","IS040","2","Irregular","Poor","Poor","Poor","Good","49%-59%","35%-45%","35%-45%","Yes"
"793","IS041",">4","Regular","Best","Best","Better","Best","89%-100%","85%-100%","60%-85%","Yes"
"794","IS042","4","Regular","Good","Better","Good","Good","74%-89%","60%-85%","85%-100%","Yes"
"795","IS043",">4","Regular","Best","Best","Best","Best","89%-100%","85%-100%","85%-100%","Yes"
"796","IS044","4","Regular","Better","Better","Better","Better","74%-89%","60%-85%","60%-85%","Yes"
"797","IS045","3","Irregular","Good","Good","Good","Good","59%-74%","45%-60%","45%-60%","No"
"798","IS046",">4","Regular","Best","Best","Best","Best","89%-100%","85%-100%","85%-100%","Yes"
"799","IS047","2","Irregular","Poor","Poor","Poor","Good","49%-59%","35%-45%","35%-45%","Yes"
"800","IS048",">4","Regular","Best","Best","Better","Best","89%-100%","85%-100%","60%-85%","Yes"
"801","IS049","4","Regular","Good","Better","Good","Good","74%-89%","60%-85%","85%-100%","Yes"
"802","IS050",">4","Regular","Best","Best","Best","Best","89%-100%","85%-100%","85%-100%","Yes"
"803","IS051","4","Regular","Better","Better","Better","Better","74%-89%","60%-85%","60%-85%","Yes"
"804","IS052","3","Irregular","Good","Good","Good","Good","59%-74%","45%-60%","45%-60%","No"
"805","IS053",">4","Regular","Best","Best","Best","Best","89%-100%","85%-100%","85%-100%","Yes"
"806","IS054","2","Irregular","Poor","Poor","Poor","Good","49%-59%","35%-45%","35%-45%","Yes"
"807","IS055",">4","Regular","Best","Best","Better","Best","89%-100%","85%-100%","60%-85%","Yes"
"808","IS056","4","Regular","Good","Better","Good","Good","74%-89%","60%-85%","85%-100%","Yes"
"809","IS057",">4","Regular","Best","Best","Best","Best","89%-100%","85%-100%","85%-100%","Yes"
"810","IS058","2","Irregular","Poor","Poor","Poor","Good","49%-59%","35%-45%","35%-45%","Yes"
"811","IS059",">4","Regular","Best","Best","Better","Best","89%-100%","85%-100%","60%-85%","Yes"
"812","IS060","4","Regular","Good","Better","Good","Good","74%-89%","60%-85%","85%-100%","Yes"
"813","IS061","3","Irregular","Good","Good","Good","Good","59%-74%","45%-60%","45%-60%","No"
"814","IS062",">4","Regular","Best","Best","Best","Best","89%-100%","85%-100%","85%-100%","Yes"
"815","IS063","2","Irregular","Poor","Poor","Poor","Good","49%-59%","35%-45%","35%-45%","Yes"
"816","IS064",">4","Regular","Best","Best","Better","Best","89%-100%","85%-100%","60%-85%","Yes"
"817","IS065","4","Regular","Good","Better","Good","Good","74%-89%","60%-85%","85%-100%","Yes"
"818","IS066",">4","Regular","Best","Best","Best","Best","89%-100%","85%-100%","85%-100%","Yes"
"819","IS067","4","Regular","Better","Better","Better","Better","74%-89%","60%-85%","60%-85%","Yes"
"820","IS068","3","Irregular","Good","Good","Good","Good","59%-74%","45%-60%","45%-60%","No"
"821","IS069",">4","Regular","Best","Best","Best","Best","89%-100%","85%-100%","85%-100%","Yes"
"822","IS070","2","Irregular","Poor","Poor","Poor","Good","49%-59%","35%-45%","35%-45%","Yes"
"823","IS071",">4","Regular","Best","Best","Better","Best","89%-100%","85%-100%","60%-85%","Yes"
"824","IS072","4","Regular","Good","Better","Good","Good","74%-89%","60%-85%","85%-100%","Yes"
"825","IS073",">4","Regular","Best","Best","Best","Best","89%-100%","85%-100%","85%-100%","Yes"
"826","IS074","4","Regular","Better","Better","Better","Better","74%-89%","60%-85%","60%-85%","Yes"
"827","IS075","3","Irregular","Good","Good","Good","Good","59%-74%","45%-60%","45%-60%","No"
"828","IS076",">4","Regular","Best","Best","Best","Best","89%-100%","85%-100%","85%-100%","Yes"
"829","IS077","2","Irregular","Poor","Poor","Poor","Good","49%-59%","35%-45%","35%-45%","Yes"
"830","IS078",">4","Regular","Best","Best","Better","Best","89%-100%","85%-100%","60%-85%","Yes"
"831","IS079","4","Regular","Good","Better","Good","Good","74%-89%","60%-85%","85%-100%","Yes"
"832","IS080",">4","Regular","Best","Best","Best","Best","89%-100%","85%-100%","85%-100%","Yes"
"833","IS081","4","Regular","Better","Better","Better","Better","74%-89%","60%-85%","60%-85%","Yes"
"834","IS082","3","Irregular","Good","Good","Good","Good","59%-74%","45%-60%","45%-60%","No"
"835","IS083",">4","Regular","Best","Best","Best","Best","89%-100%","85%-100%","85%-100%","Yes"
"836","IS084","2","Irregular","Poor","Poor","Poor","Good","49%-59%","35%-45%","35%-45%","Yes"
"837","IS085",">4","Regular","Best","Best","Better","Best","59%-74%","45%-60%","60%-85%","Yes"
"838","IS086","4","Regular","Good","Better","Good","Good","74%-89%","60%-85%","85%-100%","Yes"
"839","IS087",">4","Regular","Best","Best","Best","Best","89%-100%","85%-100%","85%-100%","Yes"
"840","IS088","2","Irregular","Poor","Poor","Poor","Good","49%-59%","35%-45%","35%-45%","Yes"
"841","IS089",">4","Regular","Best","Best","Better","Best","89%-100%","85%-100%","60%-85%","Yes"
"842","IS090","4","Regular","Good","Better","Good","Good","74%-89%","60%-85%","85%-100%","Yes"
"843","IS091","4","Regular","Good","Better","Good","Good","74%-89%","60%-85%","85%-100%","Yes"
"844","IS092","4","Regular","Good","Better","Good","Good","74%-89%","60%-85%","85%-100%","Yes"
"845","IS093",">4","Regular","Best","Best","Best","Best","89%-100%","85%-100%","85%-100%","Yes"
"846","IS094","4","Regular","Better","Better","Better","Better","74%-89%","60%-85%","60%-85%","Yes"
"847","IS095","3","Irregular","Good","Good","Good","Good","59%-74%","45%-60%","45%-60%","No"
"848","IS096","4","Regular","Better","Better","Better","Better","74%-89%","60%-85%","60%-85%","Yes"
"849","IS097","3","Irregular","Good","Good","Good","Good","59%-74%","45%-60%","45%-60%","No"
"850","IS098",">4","Regular","Best","Best","Best","Best","89%-100%","85%-100%","85%-100%","Yes"
"851","IS099",">4","Regular","Best","Best","Best","Best","89%-100%","85%-100%","85%-100%","Yes"
"852","IS100",">4","Regular","Best","Best","Better","Best","89%-100%","85%-100%","60%-85%","Yes"
"853","IS101",">4","Regular","Best","Best","Poor","Best","89%-100%","85%-100%","85%-100%","No"
"854","IS102",">4","Regular","Best","Better","Best","Best","74%-89%","85%-100%","85%-100%","No"
"855","IS103",">4","Regular","Best","Best","Best","Best","89%-100%","85%-100%","85%-100%","No"
"856","IS104",">4","Regular","Best","Best","Best","Best","89%-100%","85%-100%","85%-100%","No"
"857","IS105",">4","Regular","Best","Best","Better","Best","89%-100%","85%-100%","60%-85%","Yes"
"858","IS106","3","Irregular","Good","Good","Good","Good","59%-74%","45%-60%","45%-60%","No"
"859","IS107",">4","Regular","Best","Best","Best","Better","89%-100%","85%-100%","85%-100%","No"
"860","IS108",">4","Regular","Best","Better","Better","Best","89%-100%","85%-100%","85%-100%","No"
